<?xml version="1.0" encoding="utf-8"?>
<!DOCTYPE install PUBLIC "-//Joomla! 2.5//DTD template 1.0//EN" "http://www.joomla.org/xml/dtd/2.5/template-install.dtd">
<extension version="3.3.1" type="template" client="site">
        <name>Robosan3</name>
        <version>0.5.4</version>
        <creationDate>March 2015</creationDate>
        <author>Ben Klein</author>
        <authorEmail>robobenklein@robosane.net</authorEmail>
        <copyright>Copyright (C) Ben Klein, 2015.</copyright>
        <description>A flat, modern, and sleek look with a custom version of Bootstrap.</description>
        <files>
                <filename>index.php</filename>
                <filename>templateDetails.xml</filename>
                <folder>css</folder>
                <folder>img</folder>
                <folder>js</folder>
                <folder>fonts</folder>
        </files>
        <positions>
                <position>header</position>
                <position>navigation</position>
                <position>footer-img</position>
                <position>footer</position>
                <position>right-column</position>
                <position>above-content</position>
                <position>below-content</position>
        </positions>
        <config>
                <fields name="params">
                        <fieldset name="advanced">
                                <field name="siteLogo" type="media" default=""
                                        label="Site Logo"
                                        description="Logo to be used at the left of the navbar. Width is always 60px. Best fit: 1w:1.3h ratio." />

                                <field name="headerBackground" type="media" default=""
                                        label="Header Image"
                                        description="Picture to use as the header background, if there is a module in the header position." />

                                <field name="footerImage" type="media" default=""
                                        label="Footer Image"
                                        description="The Image to use as the footer for the page, if there are modules in the 'footer-image' position." />

                                <field name="sitename" type="text" default=""
                                        label="Site Display Name"
                                        description="The text to display in the navbar next to the Site Logo."
                                        filter="string" />
                        </fieldset>
                </fields>
        </config>
</extension>
